Compositor,Obra,Año,Duración,Género y efectivo,Estreno,Edición discográfica,Notas,Grabación 1
"Abalo, Juan Pablo (1978)",El Milagro del Insectario,2004,12'05,Mixta. Dos violines y electrónica.,"Marzo 2005, Instituto Goethe. Santiago, Chile.","""Música de Cámara Electroacústica"". Fondart CD 2004.",,JPA_01 CD01
"Albornoz, Alejandro (1971)",Eeeh…jercicio,2005,2'54,Electrónica sobre soporte.,,,,AA05_01 CD01
"Alcalde, Andrés (1952)",Añoranza,1977,,Mixta. Oboe y electrónica sobre soporte.,,,,
"Alvarado, Boris (1962)",Shu-Shu,,5'30,Electrónica sobre soporte.,,"""Música Electroacústica en el GEMA 2000"". SVR-GEMA-3006-13. CD.",,BA_01 CD01
"Alvarez, Pedro (1980)",Tripali,2004,11'15,Mixta. Soprano viola y electrónica.,"Marzo 2005, Instituto Goethe. Santiago, Chile.","""Música de Cámara Electroacústica"". Fondart CD 2005.",,PA04_01 CD01
,Bahari II,2004,,"Mixta. Flauta, clarinete bajo, viola, cello y live electronics","Noviembre 2004. XIV Festival de música contemporánea de la Universidad Católica. Santiago, Chile.",,,
"Amenábar, Juan (1922-1999)",Los Peces,1957,3'03,Electrónica sobre soporte.,,"""Juan Amenábar, Compositor Chileno"". SVR Producciones ABA-SVR900000-4. CD 1999.",,JA57_01 CD01
,Feed Back,1964,,Mixta. Violin y electrónica sobre soporte.,"1984. Jornadas Mundiales de la SIMC. Toronto, Canadá. Sergio Polizzi, violin.",,Encargada por Pedro D'Andurian.,
,Klésis,1968,18'19,Electrónica sobre soporte.,,"""Música Electrónica"". Sello Asfona/ Astral VBPS-239. LP 1968. ""Juan Amenábar, Compositor Chileno"". SVR Producciones ABA-SVR900000-4. CD 1999.",,JA68_02 CD01
,Música Contínua,1969,,,,,,
,Preludio en High Key,1970,,Electrónica sobre soporte.,,,,
,Sueño de un niño,1970,4'50,Electrónica sobre soporte.,,"""Juan Amenábar, Compositor Chileno"". SVR Producciones ABA-SVR900000-4. CD 1999.",,JA70_03 CD01
,Amacatá,1972,8'55,Electrónica sobre soporte.,,"""Juan Amenábar, Compositor Chileno"". SVR Producciones ABA-SVR900000-4. CD 1999.",,JA72_04 CD02
,Ludus Vocalis,1973,6'30,Electrónica sobre soporte.,,"""Juan Amenábar, Compositor Chileno"". SVR Producciones ABA-SVR900000-4. CD 1999.",,JA73_05 CD02
,"Contratempo, senzatempo",1976,16'18,Electrónica sobre soporte.,,"""Juan Amenábar, Compositor Chileno"". SVR Producciones ABA-SVR900000-4. CD 1999.",,JA76_06 CD02
,Juegos,1976,5'42,Electrónica sobre soporte.,,"""Juan Amenábar, Compositor Chileno"". SVR Producciones ABA-SVR900000-4. CD 1999.",,JA76_07 CD02
,Cántiga en el Umbral,1997,,Electrónica sobre soporte.,,,,
"Ancarola, Francesca (1971)",A,1991,,Electrónica sobre soporte.,,,"Ganadora de la categoría ""Residencias"" del Concurso internacional de Bourges.",
,Loop,1992,,Electrónica sobre soporte. (?),,,,
,Música para los ojos,1985,,Multimedia.,"Octubre de 1985, Festival Anacrusa. Santiago, Chile.",,Con video de pInturas,
,Stratus,,6'16,Mixta. Guitarra y electrónica.,,"""Música de Concierto Chilena"" ICH-SVR-900000-3. CD 1999.","Luis Orlandini, guitarra",
,Fuego fatuo,,4',Electrónica sobre soporte.,"Julio 2000. Sala SCD, Santiago, Chile.",,"Obra realizada con el software ""Punto y Tono"", desarrollado por el autor.",
,Fuego fatuo II,,,Electrónica sobre soporte.,,,,
"Arriagada, Jorge (1943)",Concierto para violín y cinta,1969,,Mixta. Violín y electrónica sobre soporte.,,,,
,A4,1969,,Electrónica sobre soporte.,,,,
,Chile '70,1970,,"Mixta. Octeto de cuerdas, solista (quena, charango, guitarra) y electrónica sobre soporte.",,,,
,Cuatro momentos musicales,1970,,Electrónica sobre soporte.,,,,
,Etude,1972,9'15,Electrónica sobre soporte.,,,,
,Indio (Solstice d'hiver des saisons),1972,13',Electrónica sobre soporte.,,,"Encargo del GMEB para la obra colectiva ""Les saisons"" y para los Juegos Olimpicos de Munich, 1973.",
,Arena y mas allá,1974,10',Electrónica sobre soporte.,,,,
,Chile '73,1974,,Electrónica sobre soporte.,,,"Compueta en el estudio electroacústico de Gandt, Bélgica.",
"Asuar, Jose Vicente (1933)",Dúo Concreto,1957,,Electrónica sobre soporte.,,,Obra descatalogada por el autor.,
,Variaciones Espectrales,1959,12'48,Electrónica sobre soporte.,"Junio 1959. XVIII Temporada de Cámara del Instituto de Extensión Musical de la Universidad de Chile. Teatro Antonio Varas. Santiago, Chile.",,"Fué utilizada como música incidental del Ballet ""Germinal"". Coreografía de de German Silva. Estrenada en Mayo 1964 por el Ballet de Arte Moderno. Teatro Municipal. Santiago, 1964.",JVA59_01 CD02
,Preludio La Noche,1961,3',Electrónica sobre soporte.,,,"Compuesta en el estudio de la Technische Horschule en Karlsruhe, Alemania. Fue utilizada como música incidental del Ballet ""Germinal"". Coreografía de de German Silva. Estrenada en Mayo 1964 por el Ballet de Arte Moderno. Teatro Municipal. Santiago, 1964.",
,Serenata para mi voz y sonidos sinusoidales,1961,8',Electrónica sobre soporte.,,,"Obra inconclusa descatalogada por el autor. Compuesta en el estudio de la Technische Horschule en Karlsruhe, Alemania.",
,Estudio Aleatorio,1967,6',Electrónica sobre soporte.,,,"Obra inconclusa descatalogada por el autor. Compuesta en el estudio de la Technische Horschule en Karlsruhe, Alemania.",
,Divertimento,1967,7',Electrónica sobre soporte.,,"""Música Electrónica"". Sello Asfona/ Astral VBPS-239. LP 1968.","Primer Premio en el concurso internacional de música electrónica y de computadores auspiciado por el Darthmouth Arts Council. EE.UU. La obra forma parte de ""Imágen de Carácas""",JVA67_02 CD02
,La Noche II,1967,30' ca.,Electrónica sobre soporte.,,,,
,Imágen de Caracas,1968,150',Multimedia.,,,Obra comisionada por el consejo Municipal de Carácas en conmemoracion del cuatricentenario de la ciudad.,
,Catedral,1968,6',Electrónica sobre soporte en 4 Pistas.,,"""Música Electrónica"". Sello Asfona- Astral VBPS-239. LP 1968/ ""Música Electrónica"". Phillips 6348028. LP 1976","La obra forma parte de ""Imágen de Caracas"".",JVA68_03 CD02
,Caleidoscopio,1968,7',Electrónica sobre soporte en 4 Pistas.,,"""Música Electrónica"". Sello Asfona- Astral VBPS-239. LP 1968","La obra forma parte de ""Imágen de Caracas"".",JVA68_04 CD02
,Guararia Repano,1968,14'21,Electrónica sobre soporte.,,"""Música Electrónica"". Phillips 6348028. LP 1976./ ""Cultures Electroniques 5"" CD LDC 278051/52 1990",Obra ganadora del 3er Concurso Internacional de Música Electroacústica de Bourges. (1975),JVA68_05 CD03
,Buffalo '71,1971,12',Electrónica sobre soporte.,1972 (?) Festival de Música Contemporánea del Instituto de Música de la Universidad Católica.,,Compuesta en el estudio de música electrónica de la Universidad de Nueva York.,
,Partita Electronica,1974,20',Electrónica sobre soporte.,,,,
,Affaires des Oiseaux,1976,11'59,Electrónica sobre soporte.,"Junio 1976. Festival Synthése, Bourges, Francia","""Imeb Opus 30"". Vol. II. Crysopée Electronique. LDC 2781113. CD 2003",Encargo del GMEB,JVA76_06 CD03
,Amanecer,1977,8',Electrónica sobre soporte.,"Septiembre de 1977. Berliner Festwoche. Berlin, Alemania.","""Música Electroacústica"". Asociación Nacional de Compositores. MEA 102. Casette 1989.",Compuesta en el Instituto de Ciencias de la Comunicación de la Universidad Técnica de Berlin. Alemania.,JVA77_07 CD03
,Una Flauta en el camino (COMDA 2),,2'48,Electrónica sobre soporte.,,"""Música Electroacústica"". Asociación Nacional de Compositores. MEA 102. Casette 1989.",,JVA_08 CD03
,Elegía (COMDA 5),1982,16'25,Electrónica sobre soporte.,,"""Música Electroacústica"". Asociación Nacional de Compositores. MEA 102. Casette 1989.",,JVA82_09 CD03
,Diálogos,1985,12'12,Electrónica sobre soporte.,"Octubre 1985. Festival Anacrusa. Sala Goethe. Santiago, Chile.","""Encuentro de Música Contemporánea"". Sello A.M.A./ IRT. Casette 1986",,JVA85_10 CD03
,En el Jardín (COMDA 7),1985,12'05,Electrónica sobre soporte.,,"""Música Electroacústica"". Asociación Nacional de Compositores. MEA 102. Casette 1989.",,JVA85_11 CD03
,Sonata,1985,12'14,Electrónica sobre soporte.,,,,JVA83_12 CD04
,En el Infinito (COMDA 8),1987,9'22,Electrónica sobre soporte.,,"""Música Electroacústica"" Asociación Nacional de Compositores. MEA 102. Casette 1989.",,JVA87_13 CD04
,Erase una vez en Francia,1989,11'30,Electrónica sobre soporte.,,,,
,Cuatro Piezas Instrumentales,1989,17'30,Electrónica sobre soporte.,,,,
"Becerra, Gustavo (1925)",2da Sinfonía,1957-58,20',Mixta. Obra sinfónica con intervención de un oscilador en el último movimiento.,"Noviembre 1958. Teatro Astor, Santiago de Chile.","Disco del Concurso Crav, 1963",El oscilador empleado estaba programado para emitir una onda sinusoidal y luego una diente de sierra.,
,Juegos,1966,,"Mixta. Piano, 12 pelotas de ping-pong, 1 ladrillo y grabación en cinta magnética.","1966, Auditorium de la Biblioteca Nacional. Santiago, Chile",,La parte electrónica consistía en la grabación de parte del concierto la que luego debía ser reproducida simultáneamente con la continuación de la obra,
,Oratorio Macchu Picchu,1966,38',"Mixta. Soprano solista, 2 recitantes, coro SATB, cinta, oscilador de audiofrecuencia y orquesta.",,,Textos de Pablo Neruda: Alturas de Macchu Picchu y Canto II del Canto General.,
,Lord Cochrane de Chile,1967,25',"Mixta. Oratorio para recitante, voces solistas SATB, coro mixto a 4 voces (divididas en 4 masas corales), cinta magnética, amplificador y orquesta.",,,,
,Tres piezas para clavecín y cinta magnética,1968,5'12,Mixta. Clavecín y electrónica sobre soporte.,"Noviembre 1968. Teatro IEM. Santiago, Chile.",,"Las piezas son: 1-Morula 2- Gastrula 3-Blastula Ruby Ried, Clavecin.",GBS68_01 CD04
,Oda al alambre de púa,1969,24',"Mixta. Soprano recitante, piano preparado, orquesta y electrónica sobre soporte.","Mayo 1970, II Festival de música de Guanabara. Rio de Janeiro, Brasil.",,Encargo del festival de Guanabara. Texto basado en el poema homónimo de Pablo Neruda. La cinta ha sido extraviada.,
,Lénin,1971,16'52,"Mixta, voz recitante y electrónica sobre soporte.","1970, Bonn, Alemania.",,Como voz recitante actúa el propio autor.,GBS71_02 CD04
,Batuque,1971,4'14,Electrónica sobre soporte.,,,"Materiales sonoros reformulados en ""Corvalán"".",GBS71_03 CD04
,Parsifae,c. 1972,,"Multimedia. Opera breve para una actriz, un actor y un mimo mas electrónica sobre soporte.",,,Texto de Tobías Barros Alonso.,
,Historia de una provocación,1972,20'17,"Mixta. Barítono, conjunto de cámara (picc, 2fl, ob, cl, fg, pi, cuarteto de cuerdas) y electrónica sobre soporte.",Septiembre 1972 palacio de la UNESCO en Paris. Francia.,,"Estreno bajo la dirección del autor con Fernando Lara, barítono y la orquesta filarmónica de la UNESCO.",GBS72_04 CD04
,Nocturno,1974,15'25,Electrónica sobre soporte.,,,"Parte de la ópera ""La muerte de Rodrigo"" no estrenada.",GBS74_05 CD05
,Cornos Volantes,1974,22',Electrónica sobre soporte.,,,"Materiales sonoros reformulados en ""Corvalán"".",GBS74_06 CD05
,Corvalán,1975,41'07,Mixta. Recitante y electrónica sobre soporte.,"1975. Teatro Benedetto Marcello. Bienal de Venecia, Italia. Estreno parcial.",,"Carla Cristi, Recitante. Luigi Nono, proyección sonora. Versión original con texto en aleman.",GBS75_07 CD06
,Progresiones,1976,23'50,Multimedia. Proyecciones de cine y diapositivas y electrónica sobre soporte.,"1977, Maracaibo, Venezuela.",,,GBS76_08 CD05
,Das Neue Wort,1976,10',Mixta. Voz y electrónica sobre soporte.,,,Versión electrónica de la obra original para voz y clarinete Bajo. La cinta que contiene la parte electrónica esta extraviada.,
,Strukturen,Entre 1978 y 1980,11'05,Electrónica sobre soporte.,,,,GBS78_09 CD06
,Cuando,Entre 1978 y 1980,16'08,Mixta. Recitante y electrónica sobre soporte.,,,,GBS78_10 CD07
,Quipus,Entre 1978 y 1980,3'04,Electrónica sobre soporte.,,,,GBS78_11 CD07
,Batallas para Allende,1979,9'46,Electrónica sobre soporte.,,,"Forma parte de la cantata ""Allende"", compuesta para Quilapayún. Textos de Eduardo Carrasco.",GBS79_12 CD07
,Balistocata,1979,3'10,Electrónica sobre soporte (existe una transcripción para piano solo).,"Enero de 1982, Radio Colonia. Alemania.",,Obra de música computacional: el computador controla modulos de sonido periféricos mediante un diagrama de flujo realizado por el compositor.,GBS79_13 CD07
,Variationen über Balistocata von G. Becerra Scmidt,1980,9'36,Electrónica sobre soporte (existe una transcripción para piano solo).,"Enero de 1982, Radio Colonia. Alemania.",,Compuesta en conjunto con Wolfgang Marin Stroth.,GBS80_14 CD07
,Exposición Concertante,1981,,Multimedia. Ruidos y sonidos producido por el público y programas computacionales que generan respuestas sonoras a las variable producidas por el público.,"Marzo 1981. Kuntsverein Oldemburgo, Alemania.",,"Elementos plásticos creado ppor Flor Auth dotados de sensores acústicos. La información era enviada a 11 sintetizadores EMS con secuencias programadas de donde retornaban a los parlantes montados en los objetos sensibilizados. ""Arte para tocar y mover"".",
,Ossietzky Oratorium,1983,75',"Mixta. Voces solistas (2S, 2A, T, 2 Bar, B), coro mixto, perc, orquesta y electrónica sobre soporte.","Febrero de 1985, Oldemburgo, Alemania.",,Encargo de la Universidad de Oldemburgo.,
,Oda al mar,1986,14'10,Electrónica sobre soporte.,Junio de 1987. Sala de actos y exposiciones de la biblioteca central de la U. de Oldenburgo.,,Musica de Fondo para la obra homonima de Pablo Neruda.,GBS86_15 CD07
,Das Schweigen,1987,22'46,Mixta. Monodrama para contralto y computador.,"1a Versión: Febrero 1987, Hamburgo. 2a Versión: Junio 1987, Bremen, Alemania.",,"Ilse Zahn Wienands, contralto. Texto de Gertrud Meyer. Como todas las obras electroacústicas o con electroacústica de Becerra, estan abiertas de acuerdo a las posibilidades de reproducción, a la intervención de ""live electronics"".",GBS87_16 CD08
,Interior,1987,16'14,Electrónica sobre soporte.,,,"Obra de música computacional: el computador controla modulos de sonido periféricos (tres Yamaha DX7 en este caso) mediante un diagrama de flujo realizado por el compositor. ""Dedicada a mi padre"".",GBS57_17 CD08
,Concierto para 4 pianos sampleados,2004,17'56,Electrónica sobre soporte (Es posible confiar algunas partes a pianos acústicos).,"Noviembre 2004. Sala el Pentágono, Universidad de La Serena, Chile.",,"Estreno organizado por Mario Arenas con empleo de su programa ""Punto y Tono"".",GBS04_18 CD08
"Brnčić, Gabriel (1942)",Génesis,1964,,Música para escena. (Ballet) Electrónica sobre soporte.,1964. Santiago de Chile.,,Grabación Perdida.,
,Máquinas,1964,,Música para escena. Electrónica sobre soporte.,1964. Santiago de Chile.,,Grabación Perdida.,
,Quodlibet II,1966,8',Electroacústica en tiempo real (Sintetizador).,,,Existe solo la Partitura.,
,Dialexis,1966,15',"Mixta. 11 Percusionistas, Piano, celesta y electrónica sobre soporte.","1966. CLAEM, Buenos Aires. Ritmus Ensemble.",,,
,Volveremos a las Montañas,1967,10',Electrónica sobre soporte.,1966. Buenos Aires.,,,
,"Acuerdate, ha muerto…",1967,7',Mixta. Clarinete y violín procesados y electrónica sobre soporte (8 pistas),"1967. CLAEM, Buenos Aires.",,,GB67_01 CD08
,"Acuerdate, ha muerto…(versión 2)",1967,7',"Mixta. Oboe, Clarinete, Violín, Viola y electrónica sobre soporte.",1969. Montevideo.,,,
,Volveremos a las Montañas (Versión 2),1968,17',Electrónica sobre soporte.,"1968. New York. (Alcídez Lanza, director).",,,
,Quodlibet IV,1968,8',Mixta. Acordeón y Electrónica sobre soporte.,1970. Buenos Aires.,,Posiblemente 1a obra para acordeón y electrónica.,GB68_02 CD08
,Quodlibet VIII,1968,7',"Mixta. Oboe, Cor. Ing y electrónica sobre soporte.",1968. Buenos Aires.,,,
,Quodlibet VIII (Versión 2),1968,7',"Mixta. Flauta, Viola Contrabajo, Cor Ing y electronica sobre soporte.",1970. Buenos Aires.,,,
,Quodlibet VIII (Versión 3),1968,7',"Mixta. Flauta, Viola y electrónica sobre soporte.",1971. Buenos Aires,,,
,Puerto Montt,1968,23',Electrónica sobre soporte.,,,No ha sido estrenada,
,El Túnel (a Jorge Sabato),1969,13'15,Electrónica sobre soporte.,1997. Gran Canaria. Festival Punto de Encuentro,,Realizada en el CLAEM,GB69_03 CD09
,Batucada,1970,29',Electrónica sobre soporte.,1971. Islandia. Festival de la SIMC,,Existe una versión mas corta (14'),GB70_04 CD09
,Preludio de Madera,1970,14',Electrónica sobre soporte.,1971. Buenos Aires,,,GB70_05 CD09
,Preludio de Cristal,1970,10',Electrónica sobre soporte.,1971. Buenos Aires,,"Parte del espectáculo ""Mecano visuales""",GB70_06 CD09
,Donald Blues,1971,4',Electrónica sobre soporte.,,,,
,Agua,1971,5',Electrónica sobre soporte.,1981. Barcelona.,,,
,Cuarteto (Versión 2),1972,,"Mixta. Violìn, 2 Violas y Electrónica sobre soporte.",,,,
,Arpegios,1972,17',Electrónica sobre soporte.,,,,
,Música de 1973,1973,10',"Mixta. Piano, viola, sintetizador y cinta.",1973. Buenos Aires.,,,
,Chile Fértil Provincia,1975/76,23',"Mixta. Percusión, Viola, Contrabajo y electrónica sobre soporte.",1976. Barcelona Fundacion Miró.,,,
,Un día en el jardìn del gigante,1976,60',"Música para escena. Piano, Percusión y electrónica sobre soporte.",1976. Barcelona Fundacion Miró.,,,
,Salvat-Papasseit i la seva época,1976,60',Música para escena. Electrónica sobre soporte.,1976. Barcelona Fundacion Miró.,,,
,Quodlibet IV (Versiòn 2),1976,12',Mixta. Piano y electrónica sobre soporte.,1976. Barcelona. Palacio de la música/ festival HispanoMexicano de México.,,Dedicado a Carles Santos.,
,Un jardín para todos,1977,60',Música para escena. Electrónica sobre soporte.,1977 Barcelona. Fundacion Miró Teatre Tres Terres.,,,
,Variaciones I,1977,11',Electrónica sobre soporte.,1982. Barcelona.,,,
,Destierro,1979,24',Electrónica sobre soporte.,1981. Radiodifusión Suiza.,Disco Hemisferio H-1033. Barcelona 1981.,,
,Cielo,1979,20',Mixta. 4 violas y electrónica sobre soporte.,1981. Barcelona.,Disco Hemisferio H-1033. Barcelona 1981.,,GB79_07 CD10
,Memorias,1980,25',"Mixta. Percusiòn, Violin y electrónica sobre soporte.",,,No estrenada,
,Música de las Aparencias,1980,28',Mixta. Violin y electrónica sobre soporte.,,,Dedicada a Francisco Kröpfl.,
,Coral retrato,1980,13',"Mixta. Tenor, Viola, Clarinete y electrónica sobre soporte.","Barcelona, 1985.",,"Versión con Voz, viola y cinta.",
,Aria y Pasacalle,1980,14',"Mixta. Flauta, Clarinete, Contrabajo, Guitarra y electrónica sobre soporte.","1986. Barcelona, Fundacion Maeght.",,,
,Nuestra América,1981,26',Mixta. Percusiòn y electrónica sobre soporte (4 pistas).,1982. Barcelona. Discoteca Estudio 54.,,,
,Grisalla,1981,90',Electrónica sobre soporte.,1982. Barcelona.,,,
,Grisalla (Versiòn 2),1982,27',Música para escena. Electrónica sobre soporte.,"1983. Group Tres Terres. Barcelona, España.",,,
,Bach y las monedas,1982,8',Música para escena. Electrónica sobre soporte.,"1986. Festival Anacrusa. Santiago, Chile.",,,
,Nuestra América (Versiòn 2),1982,26',Electrónica sobre soporte.,,,,
,Las Afinidades electivas,1982,,2 PolyMoog.,No estrenada,,,
,Canciones con sintetizador,1982,18',Electrónica sobre soporte.,"1987. Toulouse, Francia.",,,
,Triunfo por las madres de plaza de mayo,1983,,"Mixta. Guitarra, Voz y electrónica sobre soporte.","1982. Palau de la Musica. Barcelona, España.",,Voz: Anna Ricci,
,Polifonía de Barcelona,1983,17',Mixta. Grupo de Cámara procesado en tiempo real.,"1983. ICMC. Ensemble 2e2m Paris, Francia.",Catalana de Ediciones Musicales. Barcelona.,"Transformaciones en tiempo real : Jose Manuel Berenguer, Juan Jose Ordinas y Claudio Zulián.",GB83_08 CD10
,Polifonía de Venecia,1983,16',Electrónica sobre soporte.,"1983. Barcelona, España.",,,GB83_09 CD10
,Variaciones sobre Sonatas e Interludios,1984,27',"Mixta. Viola, Guitarra Eléctrica y electrónica sobre soporte.","1984. Barcelona, España.",,Existen Versiones con diferentes efectivos instrumentales.,GB84_10 CD10
,Chile Fértil Provincia (Versiòn 2),1985,23'25',"Mixta. Viola, Contrabajo, Percusión, voz y electrónica sobre soporte.",,"""Cultures Electroniques"" N°16. LDC 278 077. CD.",Obra ganadora del concurso de Bourges 1986.,GB85_11 CD11
,Concierto Gótico,1985,21',Electrónica sobre soporte.,,,,
,Concierto Gótico,1985,18'20,Mixta. Viola y/o violoncello y electrónica sobre soporte.,1986. Festival Synthése de Bourges. Francia.,Asociación Catalana de Compositores Vol V.,Encargo del IMEB.,GB85_12 CD11
,Quodlibet IV (Version 3),1985,16',Mixta. 3 voces (A T B) y electrónica sobre soporte.,"1985, Barcelona. España.",,,
,Opera Rotas,1985,40',"Mixta. 16 voces, orquesta de camara y electroacústica.","1993. Universidad de Barcelona, España. (Introducción).",,Opera de Cámara.,
,Des' être,1986,13',Mixta. Sintetizador controlado por ordenador y dos violas.,"1986. Festival EMS. Estocolmo, Suecia.",,,GB86_13 CD11
,Tres Estilos.,1986,,Mixta. Guitarra y tratamientos electrónicos.,"1993. Cuenca, España.",,,
,Clarinen-Tres,1986,10',Mixta. Clarinete y electrónica sobre soporte.,París. Festival de Musique Espagnole. Francia.,Asociación Catalana de Compositores. Vol. V. CD.,,GB86_14 CD11
,Ese Mar,1987,12',Mixta. Trompa/tuba y electrónica sobre soporte.,"1987. Festival de Música Contemporánea. Málaga, España.",,Existe una versión para tuba,GB87_15 CD11
,Ciudad Encantada,1987,19',Electrónica sobre soporte.,"1987. Cuenca, España.",,Encargo del Laboratorio de Cuenca,GB87_16 CD12
,Passacaglia,1988,,2 Sintetizadores.,"1988. Duo Eclat. Barcelona, España.",,,
,Sexteto para Violas,1988,10',Mixta. Viola y electrónica sobre soporte.,,,,
,Historia de dos ciudades,1988,31',Radiofónica.,1988. Radio 2 Radio Nacional de España. España,,"Concierto sincronizado: vln, vlc con tratamiento electrónico en Madrid y 4 perc. en Barcelona.",
,Composición 1989,1989,12'47,Electrónica sobre soporte.,"1989. Semana Internacional de Música Contemporánea. Barcelona, España.",,,GB89_17 CD12
,Kientzy Concert,1989,13',Mixta. Saxofón tenor procesado en T. real y electrónica sobre soporte.,"1989. París, Francia.","""Ibersax"". Daniel Kientzy. Nova Música NMCD 5106. 2000",,GB89_18 CD12
,Uno y mil efectos de la libertad,1989,,Electrónica sobre soporte.,1989. Festival Synthése. Bourges. Francia.,,Encargo del IMEB.,GB89_19 CD12
,Dulcian Concert,1989,12',"Mixta. Viola, Fagot y electrónica sobre soporte.",1990. IV Muestra Catalana de Música Contemporanea. Barcelona/Madrid. España.,,,
,Viaje al Invierno,1990,,Mixta. Flauta y electrónica sobre soporte.,,,,
,"Vade Retro, a Luigi Nono",1990,28',Electrónica sobre soporte.,1990. Madrid. España.,"""Presencia de Luigi Nono"" AMEE CD-7. CD 1992.",,GB89_20 CD10
,Partita para Oboe,1991,10' ca,"Mixta. Ob. solista, cl, vl, vla y electrónica sobre soporte.","1991. Bruselas, Bélgica.",,Interprete: J Blanch.,
,Viola-Concert,1992,13',Mixta. Viola y electrónica sobre soporte.,1992. Alicante.,,,
,Dos esbozos para antiguos instrumentos electrónicos,1994,14' 46,Electrónica sobre soporte.,"Julio 1994. Concierto del LIEM-CDMC, dedicado al GME, Auditorio de Madrid, España.","""Foro de Comunicaciones electroacústicas. Vol I (a Gabriel Brncic)"" CD AVADI-001",Realizado en el Gabinete de Música Electrónica de Cuenca.Partes 1- Marcha por la calle de Alfonso VIII de Cuenca en submarino azul y con revuelo de angeles.2- Líricas del filtro Mágico o Magia del filtro lírico.,GB94_21 CD12
,…que no desorganiza cap murmuri,1995,11' 42,Mixta. Flauta dulce y electrónica sobre soporte.,"1996. Sala Manuel de Falla, SGAE, Festival Punto de Encuentro. Madrid, España.",,dedicada a Joan Brossa.,GB95_22 CD13
,Constanza (La casa del Viento 1),1996,6'12,Mixta. Flauta dulce. S A T B y electrónica sobre soporte.,"1996. Grupo Frullato. Barcelona, España.",,,GB96_23 CD13
,Adagio Scherzo,1991/1996,6’50,Electrónica sobre soporte.,"1996. Paris, Francia.",,,GB96_24 CD13
,Variaciones sobre Organo,1996,,Mixta. Organo pos. cinta ad.lib.,"1996. Barcelona, España.",,,
,Quodlibet VII (Versión 2),1998,,Mixta. Percusión y electrónica sobre soporte.,"1998. Barcelona, España.",,Dedicada a Pilar Sobirá.,
,Vuelta de Paseo,1998,4' ca,"Mixta. Soprano, Arpa y electrónica sobre soporte.","Festival Músicas Contemporáneas. Barcelona, España.",,Texto de F. Garcia Lorca,
,Clarinet Concert para Harry Sparnaay,1999,15'23,Mixta. Clarinte Bajo y electrónica sobre soporte.,1999. Festival de música contemporánea de Alicante. España,,Existe una versión para clarinete en Sib,GB99_25 CD13
,La Casa del Viento. Versión 2 (a Bárbara),1999,13'48,"Mixta. Flauta/ fl A, clarinete/cl B, viola, violoncello y electrónica sobre soporte.","1999. Ensemble Mosaik. Berlin, Alemania.",,,GB99_26 CD13
,Coreútica,1999,8'30'',Mixta. Viola y electrónica sobre soporte.,"1999. Teatro alla Scala. Milán, Italia.","""Música Electroacústica en el Gema 2000"".. SVR Producciones SVR-GEMA 3006-13 CD 2000.",,GB99_27 CD13
,Amico ai vinto,1999,3' ca.,"Mixta. Corno, 2 Violas y Electrónica sobre soporte.",,,Texto de L. Tasso,
,Ergon Rondeau,2000,3',Mixta. 4 Trpa. Vlc amplificado y electrónica sobre soporte.,"2000. Festival RiverMusica. Barcelona, España.",,"Proyección de imágenes, pinturas y dibujos de Gabriela Vargas. Paisajes sonoros de Luis Barrie",
,La Casa del Viento. Versión 3 (a Teresa Monsegur),2001,14'09,Mixta. Cuarteto de cuerdas y electrónica sobre soporte.,2001. Festival de la radio de Hungría. Budapest. Hungría.,,,GB01_28 CD14
,Ronde-Bosse,2002,24',Mixta. Viola y Arpa. interacciones electroacústicas en tiempo real y electrónica sobre soporte.,"2002. GRM-Multiphonies. Maison de Radio France. París, Francia.",,Encargo del INA-GRM,GB02_29 CD14
"Caceres, Eduardo (1955)",Encuentros para un fin de siglo,1984,9'05,Electrónica sobre Soporte.,,,,
,Amadeus...líbranos del mal,1991,,Mixta. Piano y electrónica sobre soporte.,,,,
,Súdala,1992,,"Mixta. Piano, percusión y electrónica sobre soporte.",,,,
,"Tubular II, los pensamientos.",1992,,Mixta. Zampoña cromática baja y electrónica sobre soporte.,,,,
,Timo,1992,,"Mixta, para voces procesadas electrónicamente.",,,,
,Metalmambo,1994,5'06,Electrónica sobre Soporte.,,"""Electromúsica de arte"". SVR Producciones SVR/CD-GEMA 2007-1. CD 1995.",,EC94_01 CD14
,Leruleru…là,,6'56,Electrónica sobre Soporte.,,"""Música Electroacústica en el GEMA 2000"". SVR Producciones. SVR-GEMA 3006-13. CD 2000.",,EC_02 CD14
"Cádiz, Rodrigo (1972)",Transposiciones,1999,5'10,Electrónica sobre soporte.,,,,RC99_01 CD14
,G-3,2001,6'34,Mixta. Trio de Guitarras y electrónica.,,,,RC01_02 CD14
,Yuga,2001,7'57,Electrónica sobre soporte.,,,,RC01_03 CD14
,ID-Fusiones,2001,8'54,Electrónica sobre soporte/ Obra Multimedia con video.,,,,RC01_04 CD15/ CDVideo
,Particles,2003,10'38,Mixta. Trombón y Electrónica.,,,,RC03_05 CD15
,ePiano,2003,11'15,Mixta. Piano y Electrónica.,,,,RC03_06 CD15
"Candela, José Miguel (1968)",El Pentágono,1993,5',Mixta. Cuarteto de cuerdas y electrónica sobre soporte.,"1993. Sala Isidora Zegers. Santiago, Chile.",,,
,Azul,1995,6'30,Mixta. Dos pianos y procesos electrónicos.,"Mayo 1995. Sala Elena Waiss (Escuela Moderna de Música). Santiago, Chile.",,"Bárbara Perelmann y Cecilia García, intérpretes.",
,Dame un Loop,1996,8'32,Electrónica sobre soporte.,"1996, 6º Festival de Música Contemporánea Chilena organizado por el IMUC. Santiago, Chile.",,,
,Las Huellas del Pequeño Venado,1996,6'36,Electrónica sobre soporte.,"1997, Sala SCD Barrio Bellavista. Santiago, Chile.",,Dedicado a la cultura huichol (México).,
,Venus y Adonis,1999,10'17,Electrónica sobre soporte.,"1999. Sala América, Biblioteca Nacional, Santiago, Chile.",,Música para la coreografía homónima de Nelson Avilés.Co-compuesta con Cecilka García-Gracia.,
,La Variante,1999,22',Electrónica sobre soporte.,"2003.Sala FECH, Santiago, Chile.",,Música para la coreografía homónima de Claudia Vicuña.,
,"Goethe, la humanidad de un genio",1999,15'00,Electrónica sobre soporte.,"1999. Sala América, Biblioteca Nacional. Santiago, Chile.",,Música para la coreografía homónima de Nelson Avilés.,
,Bajan gritando ellos,2000,6'47,Electronica sobre soporte.,Marzo 2000. VIII Festival Internacional de Música Electroacústica de La Habana - Cuba.,,"Basado en el poema homónimo de Leonel Lienlaf, quien además recita. Dedicada al pueblo mapuche en su lucha por la recuperación de sus tierras y de su dignidad.",JMC00_01 CD15
,Ciclo DJ. (A la manera de Ahmed Malek),2000-01,Dj1 : 8'34Dj2 : 3'31Dj3 : 3'56Dj4 : 6'59,Electrónica sobre soporte.,"Dj2 y Dj3 : 2001, Sala SCD Barrio Bellavista, Stgo. de Chile (1er Ciclo de Música Electroacústica)Dj1 y Dj4 : 2003, Sala SCD Barrio Bellavista, Stgo. de Chile (Festival Politempo).",,"Dj1 es parte de la música para la coreografía ""Sin Respiro"" de la chilena Elizabeth Rodríguez, estrenada en 2000. Dj2, Dj3 y Dj4 son parte de la música para la coreografía ""Alto Contraste"" de la chilena Daniela Marini, estrenada en 2001. Todas fueron modificadas para ser presentadas en formato de concierto.",JMC01_02 CD15
,Contenedor,2002-03,60',Electrónica sobre soporte.,"2003. Sala Matucana 100, Santiago. Chile.",,Música para la coreografía homónima de Claudia Vicuña y Alejandro Cáceres.,
,Delta,2002,4'04,Electrónica sobre soporte.,"2002, EMEC del ISA, La Habana, Cuba.",,"La obra es parte de la música para la coreografía ""Lapsos Vitales"" del chileno Rodrigo Fernández, estrenada por el Ballet Nacional Chileno en 2002 (Teatro de la Universidad de Chile, Santiago). Luego fue modificada para ser presentada en formato de concierto.",JMC02_03 CD15
,TTK 81 micropiezas,2002-04,79'53,"Mixta. Saxofon (soprano, alto, tenor y barítono) y electrónica sobre soporte.","Enero 2004, Sala SCD-Barrio Bellavista, Santigo, Chile.",,"Obra estrenada y dedicada al saxofonista cubano Miguel Villafruela. La obra puede ser escuchada en combinaciones de micropiezas de cualquier orden y número (por lo tanto, la duración varía dependiendo de la versión).",
"Cantón, Edgardo (1962)",Lovecraft,1995,6',Electrónica sobre soporte.,"1996. Sala SCD, Santiago, Chile.",,"Realizada en los Estudios de Luc Ferrari "" La muse an Circuit"" y en el Conservatorio Edgard Varèse, Paris Francia.",
,Saint Michel en carretera nocturna,1995,7',Electrónica sobre soporte.,"1995. Sala Escuela Moderna de Música. Santiago, Chile.",,"Realizada en los Estudios de Luc Ferrari "" La muse an Circuit"" y en el Conservatorio Edgard Varèse, Paris Francia.",
,Memorias de los Andes,1997-98,10'48,Electrónica sobre soporte.,"1998 Concierto sala Universidad Pompeus Fabra. de Barcelona, España.","""Música Electroacústica en el GEMA 2000"". SVR-GEMA-3006-13. CD 2000.",Obra realizada en el LIPM. Argentina.,EC_97 CD16
,Los Sueños de Attar,2003,10'39,Electrónica sobre soporte.,"2002. Conciertos de música contemporánea del museo Reina Sofia. Madrid, España.",,"Obra realizada en LIEM-CDMC. Madrid, España",EC_03 CD16
"Carmona, Oscar (1975)",Kinesis,2000,17'45,Electrónica sobre soporte.,"La Habana, Cuba.","""Música Electrónica"". Fondart CD. 2002.",,OC00_01 CD18
,Cygnus X-1,2003,7'22,Mixta. Piano y electrónica sobre soporte.,"Noviembre 2003.XIII Festival de Música Contemporánea. Santiago, Chile.","""Música Electrónica"". Fondart CD. 2002",,OC03_02 CD18
"Carrasco, Fernando (1953)",ajar.cl,,8'27,Electrónica sobre Soporte.,,"""Música Electroacústica en el GEMA 2000"". SVR Producciones. SVR-GEMA 3006-13. CD 2000.",,FC_01 CD16
,Nilnovisubsole,1994,5'06,Electrónica sobre Soporte.,,"""Electromúsica de arte"". SVR Producciones SVR/CD-GEMA 2007-1. CD 1995.",,FC94_02 CD16
"Carvallo, Antonio (1972)",Nuevamente,2000,2'20,Mixta. Recitante y medios electrónicos.,,"""Música Contemporánea acústica y electroacústica compositores chilenos-generación del '90"". Fondart CD 2002.",,AC00_01 CD17
,02_être_02_alors_02,,7'07,Electrónica sobre soporte.,,"""Música Electrónica"". Fondart CD 2002.",,AC_02 CD18
,(Post) Desde que (no) somos un dialogo,,5'46,Electrónica sobre soporte.,,"""Música Electrónica"". Fondart CD 2002.",,AC_03 CD18
"Claro, Samuel (1934-1994)",Estudio N°1,1960,,Electrónica sobre soporte.,,,Compuesta a partir de un encargo para un documental sobre el acero en chile. Realizada en el Laboratorio de Acústica de la UC y finalizada en el departamento de grabaciones del Instituto de Extension Musical de la Universidad de Chile.,
"Concha, Francisco (1981)",La llave de vidrio,2004,15',Mixta. Cuarteto de flautas y electrónica.,"Marzo 2005, Instituto Goethe. Santiago, Chile.","""Música de Camara Electroacústica"". Fondart CD 2004",,FC04_01 CD25
"Cori, Rolando (1954)",Trozo Experimental,1981,,"Mixta. Vibráfono, Guitarra y electrónica sobre soporte.","1981. Sala Isidora Zegers. Santiago, Chile.",,,
,Fiesta,1989,8'33,Electrónica sobre soporte.,,"""Electromúsica de arte"". SVR Producciones SVR/CD-GEMA 2007-1. CD 1995.",,RC89_01 CD16
,Bailecitos con la Novia,,8'25,"Mixta. Voz, guitarra y electrónica sobre soporte.",,"""Música Electroacústica en el GEMA 2000"". SVR Producciones. SVR-GEMA 3006-13. CD 2000.",,RC_02 CD16
,Arsis y Thesis,1983 (?),,Electrónica sobre soporte.,"Agosto 1983. Sala Isidora Zegers. Santiago, Chile.",,Compuesta con motivo del XV aniversario de la carrera de Tecnología del Sonido.,
,Biósfera,1983,,Electrónica sobre Soporte.,"Agosto 1983. Sala Isidora Zegers. Santiago, Chile.",,Compuesta con motivo del XV aniversario de la carrera de Tecnología del Sonido.,
,Hoy es 16,,8'02,Electrónica sobre soporte.,"Octubre 2004. IV Festival de música electroacústica Ai-Maako. Santiago, Chile.",,,
"Fernandez, José Miguel (1973)",El Cruce,1996,,Electrónica sobre soporte.,,,,
,Travels thru three coordinates,1997,,Electrónica sobre soporte.,,,Composicion para un video arte de Edgard Endress,
,Resonancias de Csound,1998,6’45,Electrónica sobre soporte.,"1998. Sala Goethe. VIII Festival de Música Contemporánea de la U.C. Santiago, Chile.",,,JMF98_01 CD16
,Attract,1999,7'45,Mixta. Clarinete y electrónica en tiempo real.,"2001. Sala SCD. Santiago, Chile.","""Sonidos y Visiones del Sur"". Universidad de Lanús, Argentina CD/""Música Contemporánea Acústica y Electroacústica, Compositores Chilenos. Generación del ´90"" Fondart CD 2002","Obra compuesta con financiamiento FONDART. Investigación, junto con Luis Barrie, de modelos matemáticos aplicados a la música e interacción en tiempo real.Pieza finalista en el XX concurso internacional de Música Electroacústica de Bourges, categoria Trivium.",JMF99_02 CD16
,67-591,2002,9'16,Electrónica sobre soporte.,"2003. Festival Sonoimágenes. Buenos Aires, Argentina.","""Música Electrónica"". Fondart CD 2002.",,JMF02_03 CD17
,9dn.13 (Viaje-Espacio_Contínuo),2002,8'12,Electrónica sobre soporte.,"2002. CNSM de Lyon, Francia.","""Música Electrónica"". Fondart CD 2002.",,JMF02_04 CD17
,Dual,2002,15',Mixta. Percusión y electrónica en tiempo real.,"2002. CNSM de Lyon, Francia.",,Obra compuesta con financiamiento FONDART.,JMF03_05 CD17
,9dn.21,2003,12'12,"Mixta. Ensamble (cl, fg,cor,cb y perc.) y electrónica en tiempo real.","2003. CNSM de Lyon, Francia.",,,JMF03_06 CD17
,Sincro,2004,12',"Mixta. Ensamble (fl, ob, cl, pi, vib, vi, vlc y teclado MIDI) y electrónica en tiempo real.","2004. CNSM de Lyon, Francia.",,,JMF04_07 CD17
"Ferrari, Andrés (1971)",Inflexiones,,10'27,Electrónica sobre soporte.,,"""Música Electroacústica en el GEMA 2000"". SVR-GEMA-3006-13. CD 2000.",,AF_01 CD18
,Inflexiones dos,,11',Mixta. Mezzo y electrónica sobre soporte.,,"""Música Electrónica"". Fondart CD 2002.",,AF_02 CD18
,Fuerzas de Roce,,8'49,Electrónica sobre soporte.,,"""Música Electrónica"". Fondart CD 2002.",,AF_03 CD18
Pablo Fredes (1974),ça fait faire ça,2002,8'36,Electrónica sobre soporte.,Junio 2002. Auditorium del conservatorio de Pantin. Francia.,,,PF02_01 CD19
,Sonattache,2002-03,12'08,Electrónica sobre soporte.,"Octubre 2004. Concierto de alumnos de la Asociación de enseñantes de música electroacústica. CNSM de Lyon, Francia.",,,PF03_02 CD19
,Sonatisse,2004,7'12,Electrónica sobre soporte.,,,,PF04_03 CD19
"García-Gracia, Cecilia (1968)",Venus y Adonis,1999,10'17,Electrónica sobre soporte.,"1999, sala América, Biblioteca Nacional, Santiago, Chile.",,"basada en el poema homónimo de William Shakespeare, encargada por el coreógrafo Nelson Avilés.",
,La Violación de Lucrecia,2000,8'04,Electrónica sobre soporte.,"2000, Casa Central Universidad de Chile, Santiago, Chile.",,"basada en el poema homónimo de William Shakespeare, encargada por el coreógrafo Nelson Avilés. Obra en 2 partes: la primera acusmática (8:00) y la segunda (10:00), para contralto-bailarina interpretada en vivo.",CGG00_01 CD19
,Algo sigue su curso,2001,17'16,Electrónica sobre soporte.,"2001, sala Fech (Federación de Estudiantes de la Universidad de Chile), Santiago, Chile.",,"Obra en 5 partes, compuesta por encargo para la coreografía homónima de Marcela Retamales.",
,Omaira,2002,16'40,Electrónica sobre soporte.,"diciembre 2002, Universidad Arsis, Santiago, Chile.",,"Obra compuesta por encargo para la coreografía ""3 días, 9 besos"" de Daniela Marini.",
,Ñanco,2002,7'27,Mixta. Cello y electrónica sobre soporte.,"Octubre 2002, Sala SCD, II Ciclo Internacional de Música Electroacústica, Santiago, Chile.",,Obra estrenada y dedicada a la cellista Mariana Chamorro.,CGG02_02 CD19
,Wérika,2003,8'13,Electrónica sobre soporte.,"Octubre 2003, Sala SCD, III Ciclo Internacional de Música Electroacústica, Santiago, Chile.",,,CGG03_03 CD19
,Territorio Incierto,2004,22'45,Electrónica sobre soporte.,"2004, Bar El Sofá, Santiago, Chile.",,Obra en tres partes (3:22; 9:23; 10:00;) compuesta por encargo para la coreografía homónima de Daniela Marini.,
,Máxima Seguridad,2004,42'22,Electrónica sobre soporte.,"Julio 2004 sala Santa Elena, Santiago, Chile.",,Obra en 10 partes compuesta por encargo para la coreografía homónima de Javier Muñoz.,
"Garreton, Roberto (1973)",(Solo) Palabras,2003,7'47,Electrónica sobre soporte en 4 pistas.,Enero 2004. Estudio I del Conservatorio Real de la Haya. Holanda.,,Una primera versión fue realizada para soporte estereofónico con una duración de 6 minutos.,RG03_01 CD20
,Instrumentos,2003,5'08,Electrónica sobre soporte.,Abril 2003. Estudio III del Conservatorio Real de la Haya. Holanda.,,,RG03_02 CD20
,Meeting Point,2005,10',"Mixta. Clarinete en Sib, percusión (tambor, tom-tom bajo, dos platillos) y electrónica en tiempo real",Febrero 2005. Estudio III del Conservatorio Real de la Haya. Holanda.,,,RG05_03 CD20
,Larvae,2005,10',"Multimedia. Danza, guitarra eléctrica e instrumento electrónico autoconstruído.",Febrero 2005. Estudio III del Conservatorio Real de la Haya. Holanda.,,"Pieza compuesta por el dúo de música electroacústica N.e.w.S (Satoshi Shiraishi, Roberto Garretón) con la participación de Takuya Sato en danza.",
"Guarello, Alejandro (1951)",A cuatro manos,1978,5',Electrónica sobre soporte.,,,Realizada en el estudio de la Universidad de Chile con la colaboración de Isabel Bravo y la participación de Rodrigo Torres.,
,La bella datoki,2002,14',"Mixta. Piano preparado, guitarras (eléctrica, bajo y normal), violín, clarinetes (bajo y normal) y electrónica.","Julio 2002. Carácas, Venezuela. Festival A TEMPO. Ensamble Black Jackets Company.",,,AG02_01 CD20
"Holman, Ernesto (1950)",OIREB-A,1994,5'51,Electrónica sobre soporte.,,"""Electromúsica de arte"". SVR Producciones SVR/CD-GEMA 2007-1. CD 1995.",,EH94_01 CD20
,"Suite 4 caminos (Poema muerto, Alicia, Cánon, Madagascar [burlesca])",,,Electrónica sobre soporte.,"1997. VI Festival de Música Contemporánea Chilena. Santiago, Chile.",,,
"Kaplan, Adolfo (1975)",Tras la puerta,2001,7'20,Electrónica sobre soporte.,"2001. Auditorio de la ENM de Pantin, Paris, Francia.",,,
,La Sombra del sonido,2002,8’13,Electrónica sobre soporte.,"2003. Auditorium Scrime. Bordeaux, Francia.",,Obra finalista del concurso Scrime de Bordeaux. 2003.,AK02_01 CD20
,Les trayectoires du rëve,2003,12',Electrónica sobre soporte.,"Marzo 2004. Festival Archipel. Ginebra, Suiza.",,,AK03_02 CD20
,Hors Chant,2004,6',Multimedia. Video y electrónica sobre soporte.,"Diciembre 2004. Seúl, Corea.",""" En chantier "" DVD producido por la SACEM y el Conservatorio Nacional de Música de Estrasburgo.","Notas : Coproducción entre los artistas visuales Franck y Vincent Dudouet y Adolfo Kaplán. Obra premiada en el festival de la República Checa de videos jóvenes, y en el concurso de video tecnología de Seúl, Corea.",AK04_03 CDVideo
"Láscar, Nicolás (1983)",Del levante a la (a)puesta,2004,8',"Mixta. Saxo tenor, guitarra flamenca, contrabajo y electrónica.","15 de marzo de 2005, Goethe Institut Santiago, Chile","""Música de Cámara Electroacústica"" Fondart CD 2004.",,
"Lazo, Félix (1957)",Las Hijas de Mara,2003,22'10,Multimedia.,"Octubre 2003. Tercer Festival de música electroacústica. Santiago, Chile.",,,FL03_01 CDVideo
,Ex-zummo,2004,3'05,Multimedia.,"Octubre 2004. Festival Ai-Maako. Santiago, Chile.",,,FL04_02 CD21
,Abbyth,2004,6’01,Electrónica sobre soporte.,,,,FL04_03 CD21
,Earth,2004,7’49,Electrónica sobre soporte.,,,,FL04_04 CD21
"Lazo, Paola (1969)",A-Polo 23,1999,5'02,Electrónica sobre soporte.,"Julio 2000. Sala de la SCD, Santiago, Chile.","""Música Contemporánea acústica y electroacústica. Compositores chilenos, generación del 90"". Fondart CD 2002.",,PL99_01 CD21
,Totto,,5'03,Multimedia.,,,Imágenes realizadas por Félix Lazo.,PL_02 CDVideo
,Ok,,5'21,Multimedia.,,,Imágenes realizadas por Félix Lazo.,PL_03 CDVideo
,Medusa,,,Mixta. Percusión y electrónica sobre soporte.,"Octubre 2003. III Ciclo internacional de conciertos de música electroacústica. Santiago, Chile.",,,
,Medusa II,2004,10',Mixta. Percusión y electronica sobre soporte.,"Octubre 2004. IV Festival de música electroacústica Ai-Maako. Santiago, Chile.",,,
"Lopez, Cristian (1962)",Gente llorando,1995,11',Mixta. Contrabajo y electrónica.,Octubre 1997. I Festival de Música Contemporánea de Valdivia. Chile.,,,
,"Paisaje Electrónico (Nubes, La Fiesta de Chile, Fugitivo)",1996,9'30,Electrónica sobre soporte.,Octubre 1998. II Festival de Música Contemporánea de Valdivia. Chile.,,,
,Fausto Novus,1998,50' ca.,"Piano, percusión. Electrónica sobre soporte.",Julio 1998. Teatro Municipal de Temuco. Chile.,,Obra de teatro musical encargada por el director teatral Nestor Bravo.,
,Trapananda,2000,70' ca.,"Mixta. Tenor, ensamble (piano, saxo, percusión e intrumentos andinos) y electrónica sobre soporte.",may-00,,,
,España por los cuernos,2002,24'ca.,Multimedia.,"Octubre 2002. Museo de Arte Contemporáneo. Valdivia, Chile.",,,
,Leftraru viajero ensoñado,2003/05,70' ca.,"Mixta. Opera de cámara con solistas, coro, grupo instrumental mapuche y electrónica sobre soporte.",,,,
,Pasión,2003,7',Mixta. Voz femenina y electrónica sobre soporte.,,Editada en Cd en Homenaje a Tomas Lefever.,,
,Pasajeros del cuerpo,2004,62',Multimedia.,"Diciembre 2002. Teatro Antonio Varas. Santiago, Chle",,Encargada por la coreógrafa Luz Croxatto,
"Martínez, Jorge (1953)",Mallku,1981,6',Instrumentos electrónicos autoconstruidos y microfonos de contacto.,"Septiembre 1981. Festival Musica Incontri. Florencia, Italia.","""Proteo"". Fondart CD 1999.",,
,A.M.,1982,4',Cinta Magnética y receptor de radio.,"Julio 1982. Festival Il Pennello Impropio-Interventi Sonori. Florencia, Italia.",,,
,Ojorojo,1982,6',Electrónica sobre soporte.,"Febrero 1982. Salon Philarmonique, Bruselas, Belgica.","""Musica de Arte"". Fondart CD 1998.",,
,Eppur si muove,1982,15',Electrónica sobre soporte.,"Septiembre 1982. Festival Internacional de teatro. San Arcangelo di Romagna, Italia.",,,
,Harmonicus,1982,15',Electrónica sobre soporte.,"Febrero 1985. Sala Marginalia. Turin, Italia.",,,
,Triángulo Andino,1983,7',Mixta. Aerófonos andinos y electrónica sobre soporte.,"Julio 1983. Bagnacavallo, Italia.",,,
,Distribuitore di suono,1983,60',Electrónica sobre soporte.,"Julio 1983. Festival Umsgangmusik. Florencia, Italia..",,,
,Macchine sonore mix,1984,15',Electrónica sobre soporte.,"Febrero 1985. Florencia, Italia.","""Música de Arte"". Fondart CD. 1998.",,
,77 Haiku,1984,15',Electrónica sobre soporte.,"Noviembre 1984. Festival Musica Verticale. Roma, Italia.",,,
,Schegge,1984,8',Electrónica sobre soporte.,"Noviembre 1994. Festival de Música Contemporánea. Temuco, Chile.",,,
,Erotica,1984,Indef.,Multimedia.,"Junio 1984. Exposicion Erótica, Palagio di Parte. Florencia, Italia.",,,
,"Sequenze di Ballo, alla zampogna",1984,8',Electrónica sobre soporte.,,,,
,Cadenas,1985,5',Electrónica sobre soporte.,,,,
,Grappoli,1985,Indefinida.,Electrónica sobre soporte.,"Diciembre 1985. Sala Marginalia. Turin, Italia.",,,
,"Passaggi, Messaggi, assaggi",1985,Indefinida.,Multimedia,"Junio 1985. Florencia, Italia.",,,
,On-off suoni nelle citta',1985,60',"Multimedia. 500 grabadores de cassettes, intérpretes, cintas magnéticas.","Julio 1985. Festival Milano Suono, Milan, Italia.",,,
,Anamorphosis,1986,60',Mixta. Ensamble y electrónica sobre soporte.,"Septiembre 198?. Festival Musica Contemporanea. Florencia, Italia.",,,
,Omeostati,1986,30',"Electrónica sobre soporte, sintetizadores EMS, vocoder.","Noviembre 1986. Festival Florencia, capital europea de la cultura. Florencia, Italia.",,,
,Prov.lo,1986,Indefinida.,Electrónica sobre soporte. Serie de programas de composición automática.,"Febrero 198?. Pistoia, Italia",,,
,Torre di campani virtuali,1987,Indef.,Multimedia.,"Septiembre 1987. Pistoia, Italia.",,,
,Come una fontana,1987,Indef.,Multimedia.,"Abril 1988. Pistoia, Italia.",,,
,Pomeriggi musicanici,1988,Indef.,"Sintetizadores, silbatos, sikus andinos.","1998. Florencia, Italia.",,,
,Astillas de Bambu,1989-1994,4',Electrónica sobre soporte.,"Noviembre 1994. Festival Anacrusa. Santiago, Chile.","""Electromúsica de Arte"". SVR/CD-GEMA 2007-1. CD 1995.",,JM94_01 CD21
,Phonei,1996,15',"Voz recitante, cantante, sintetizadores, vocoder.","Septiembre 1996. Festival Incontri Musicanici. Florencia, Italia.",,,
,Arpa Armónica,1998,5',"Mixta. Arpa, instrumentos electrónicos autoconstruídos y electrónica sobre soporte.","Octubre 1998. Restaurante Muñeca Brava. Santiago, Chile.","""Música Contemporánea para Arpa Chilena"". Fondart CD 1999.",,
,Forma,1998,7',Mixta. Saxo alto y electrónica sobre soporte.,"Octubre 1998. Restaurante Muñeca Brava. Santiago, Chile.","""Música de Arte"". Fondart CD 1998. y en ""Música Chilena del siglo XX"" vol III. ANC-SVR 6003-3. CD 1999.",,
,Proteo,1999,72',Multimedia. CD-Rom. Electrónica sobre soporte.,,"""Proteo"". Fondart CD 1999.",,
,Leitmotiv N° 6,2000,9',Mixta. Violoncello y electrónica sobre soporte.,,,,
,Leitmotiv N° 7,2000,6',Mixta. Trombón y electrónica sobre soporte.,,,,
,Unisonos,2000,5',Electrónica sobre soporte.,,,,
,Tinku,,8'59,Electrónica sobre soporte.,,"""Música Electroacústica en el GEMA 2000"". SVR-GEMA-3006-13. CD 2000.",,JM_02 CD21
"Mathey, Gabriel (1955)",Un rico baño en la tina,1983,13',Electrónica sobre soporte.,"Agosto 1983. Sala Isidora Zegers. Santiago, Chile.",,Compuesta con ocasión del XV aniversario de la carrera de Tecnología del Sonido.,
,RSPQ-T27,1985,10',Electrónica sobre soporte.,,,,
"Mora, Mario (1967)",NUD,1994,5'32,Mixta. Flauta y electrónica sobre soporte.,Enero 1995. Lanzamiento de disco Electromúsica de arte. Casa Central Universidad de Chile.,"""Electromúsica de arte"". SVR Producciones SVR/CD-GEMA 2007-1. CD 1995.",Sergio Cabrera. Flauta.,MM94 CD21
,Sax,1995,8',Mixta. Saxo alto y electrónica sobre soporte.,1995. Sala Isidora Zegers.,,,
,Capricho,2004,,Mixta.Violín y electrónica.,"Enero 2005. Festival de Música contemporánea. Sala Isidora Zegers. Santiago, Chile.",,,
"Morales, Cristian (1967)",Zampler,1992,,"Mixta. Cuarteto de Zampoñas, cuarteto de cuerdas y electrónica sobre soporte.","Agosto 1992. Aula Magna del centro de extensión de la Universidad Catolica. Santiago, Chile.",,,
,Irial,1994-96,,Mixta. 1 o 2 guitarras y electrónica sobre soporte.,"Estreno parcial: Octubre 1996, XI Festival de La Habana, Cuba.",,,
,Cygnus,1994,7'14,Electrónica sobre soporte.,"Septiembre de 1994. Santiago, Chile.","""Electromúsica de Arte"". SVR/CD-GEMA 2007-1. CD 1995.",,CM94_01 CD21
,Oda,1997,,"Mixta. Flauta dulce tenor, viola y electrónica sobre soporte.","Marzo 1997. Sala HAL. Barcelona, España.",,,
,Sola…y eterna,1999,,"Mixta. Violin, clarinete bajo, guitarra, piano y electrónica sobre soporte.","Noviembre 1999. Sala Plateau. Bruselas, Bélgica.",,,
,Una voz,1999,,"Mixta. Flauta bajo, violin, corno, 2 contrabajos y dispositivo electroacústico.","Mayo 2000. Sala Universidad Pompeu Fabra. Barcelona, España.",,,
,Relief II,1999-00,,Mixta. Cuarteto de flautas dulces y electrónica sobre soporte.,"Mayo 2000. Sala Universidad Pompeu Fabra. Barcelona, España.",,,
,Una voz evanescente,2000,,"Mixta. Soprano, ensamble y dispositivo electroacústico","Mayo 2000. Sala Varèse. Lyon, Francia.",,,
,Relief 3,2001,11'45,Mixta. Vibráfono y electrónica sobre soporte.,"Enero 2002. Sala l'Alpha. Charbonniers-les-Bains, Francia.",,,CM01_02 CD21
,Arial doble: Bifurcaciones,2001,,Mixta. Dos pianos y electrónica en tiempo real.,,,,
,Ris-Ras,2002,3',Electrónica sobre soporte.,Junio 2002. Festival Synthése. Bourges. Francia,,,CM02_03 CD21
,Auciones,2002,,"Mixta. Ensamble Orquestal, trio de rabeles, cuarteto vocal mixto y electrónica sobre soporte.",,,,
,"Mientras, yo caminaré lejos…por la otra orilla",2003,,Mixta. Flauta dulce renacentista en sol y electrónica en tiempo real.,Noviembre 2003. Sala Fresno. XII Festival de Música Contemporánea de la Universidad Catolica. Santiago Chile.,,,
,Materiales,2003,,Mixta. Tres percusionistas y electrónica sobre soporte.,,,Obra compuesta con financiamiento FONDART.,
,Relief Iib,2004,,"Mixta. Flauta bajo, flauta, 2 tarkas y dispositivo electroacústico.","Agosto 2004. Facultad de Derecho. Buenos Aires, Argentina.",,,
,Nodo,2004,,"Mixta. Dos flautas, tam tam y electrónica en tiempo real.",,,"Existe una versión con ensamble (flauta, clarinete, guitarra, violín y violonchello).",
"Otondo, Felipe (1972)",Jojo (el sueño de jojo),1998,3',Electrónica sobre soporte.,"Noviembre 1998. Sala Goethe, Santiago. VIII Festival de Música contemporánea.",,,FO98_01 CD22
,Pájaros en una jaula llena de sonido,1999,5'35,Electrónica sobre soporte.,"Agosto 1999. Luxus Art Festival, Aarhus, Dinamarca.",,,FO99_02 CD22
,Guitar ex Machina,2001,7'25'',Mixta. Guitarra y electrónica sobre soporte.,"Septiembre 2001. Tercer Festival Internacional de Performance. Odense, Dinamarca.",,,FO01_03 CD22
,Impermanencias 1,2001,7',Mixta. Violoncello y electronica en tiempo real.,"Julio 2001. Conservatorio de Fiona. Odense, Dinamarca.",,,FO01_04 CD22
,Constelaciones 1,2003,2'50'',Electrónica sobre soporte.,"Octubre 2003. Festival Ai-Maako. Santiago, Chile.",,,FO03_05 CD22
,Objetos Encontrados,2003,5'10,Electrónica sobre soporte.,"Noviembre 2003. Academia Real de Música. Aarhus, Dinamarca.",,,FO03_06 CD22
,Pi,2004,22',Multimedia. Electrónica e imágenes.,,,"Realizada para el video ""I DO YES WHEN I THINK NO"" de Maritxu Otondo.",FO04_07 CD22
,Trama,2004,5',Mixta. Clarinete y electrónica en tiempo real.,,,"Encargada por el grupo danés ""Moose Matrix"" y dedicada al compositor Anders Brødsgaard.",FO04_08 CD22
,Zapping Zappa,2004,7',Electrónica sobre soporte.,"Octubre 2004. Festival Ai-Maako. Santiago, Chile.",,,FO04_09 CD22
,Lydbillede (imagen sonora),2004,50' ca.,Multimedia. Instalación.,"Octubre de 2004, Copenhagen Project Room, Copenhague, Dinamarca.",,Instalación de arte generativo realizada como colaboración con dos artistas daneses que realizaron el diseño visual y la implementación en el recinto.,
,Tres estratégias diagonales para una instalación sonora,2004,70' ca.,Multimedia. Instalación.,"Junio de 2004, Galeria Pi, Copenhague, Dinamarca.",,Instalación realizada en conjunto con el arquitecto Jorge Soto utilizando cuatro canales independientes de sonido para dos recintos acoplados de la galeria.,
"Parra, Juan (1979)",Serenata a Bruno,2002-03,7',Electrónica sobre soporte.,"Febrero 2003. Teatro Kikker. Utrecht, Holanda.",,Finalista en concurso de Bourges 2003 categoria menores de 25 años.,JP03_01 CD23
,Tellura,2003,8',Electrónica sobre soporte.,"Enero 2004. Sonology Discussion Concert, Koninklijk Conservatorium, Den Haag, Holanda",,Ganadora del premio Residencia del concurso de Bourges 2004.,JP03_02 CD23
,FAILIN(n)g,2005,6’40,Mixta. Clavecin y electrónica.,,,,JP05_03 CD23
,The Battle,2005,,Mixta. Ensamble y Electrónica.,,,,
"Pequeño, Ivan (1945)",Zoom in,1972,9'13,Electrónica sobre soporte.,,,,
,Ahora,1974,16'30,Electrónica sobre soporte.,,,Obra ganadora del segundo premio en el Concurso Internacional de Bourges. 1975,
,Y movieron con sus alas el tiempo estancado,1976,19'28,Electrónica sobre soporte.,,,,
"Riffo, Guillermo (1945)",Intento,1984,9',Mixta. Flauta y electrónica sobre soporte.,"1985. Encuentro de música contemporánea, Anacrusa. Sala del Instituto Goethe. Santiago, Chile.",,,
"Rivas, Roque (1975)",Happy days,1995,5',Electrónica sobre soporte.,"Noviembre 1996. Aula Magna Centro de Extension UC. Santiago, Chile.",,,
,Estudio Nocturno,2001,5',Electrónica sobre soporte.,,,,RR01_01 CD23
,Splitting the ergo,2002-03,10',"Mixta. Ensamble (Bugle, tb, sax. bar, perc, 2 al, vc, cb) y electrónica sobre ordenador.","Diciembre 2003. Sala Varese CNSM de Lyon, Francia.",,"Obra revisada durante el año 2004, modificando parcialmente su estructura original.",RR03_02 CD23
,El Eco de las Sombras,2003-04,15',Mixta. Piano MIDI y electrónica en tiempo real.,"Diciembre 2004. Sala Varese CNSM de Lyon, Francia.",,,
"Sacaan, Jorge (1974)",Emersion,2004,6'03,Electrónica sobre soporte.,,,,JS04_01 CD23
"Sanguesa, Iris (1933)",Integración,1968,,Multimedia. Bailarina y proyección de lineas y colores. Electrónica sobre soporte.,"1968. Claem. Buenos Aires, Argentina.",,,
,Llaman las llamas,1994,,"Mixta. Voz, narrador, piano, contrabajo, percusión y sintetizador.",,,,
,Permanencia I,1997/98,,Electrónica sobre soporte.,,,,
,Permanencia II,1999/00,,Electrónica sobre soporte.,,,,
,Oda a la humanidad,2002,,"Mixta. 6 voces, coro mixto, orquesta de cámara y electrónica sobre soporte.",,,,
"Schumacher, Federico (1963)",La Música del Cuerpo,1998,13'10,"2 teclados MIDI, transformaciones en tiempo real y electrónica sobre soporte en 4 pistas.","Diciembre 1998. Sala del Centro Cultural del Banco del Estado de Chile. Santiago, Chile.",,Compuesta con el financiamiento de FONDART 1998.,FSR98_01 CD23
,Música para espantar dictadores,1999,16',Mixta. Ensamble de 11 instrumentos y transformaciones en tiempo real.,,,,
,Palabras del Sur,1999,5'54,Electrónica sobre Soporte.,"Junio 1999. Festival Synthése '99. Bourges, Francia.",,,FSR99_02 CD23
,Ameriasia,2000,6'16,Electrónica sobre Soporte.,,"""La Música del cuerpo"". Taller experimental cuerpos pintados CD 2003.","Encargo de la Fundación Edwards para la exposición ""Cuerpos Pintados"".",FSR001_03 CD24
,Corazón de Látex,2000,5'30,Electrónica sobre Soporte.,,,"Encargo de la Fundación Edwards para la exposición ""Cuerpos Pintados"".",
,Gato en el agua,2000,7'10,Electrónica sobre soporte (8 pistas y estereofónica).,"Junio 2001.Festival Synthése '01. Bourges, Francia.",,,FSR00_04 CD24
,Ayes y lamentos…,2000/01,15',"Mixta. Doble orquesta, sonidos electrónicos y transformaciones en tiempo real.",,,Compuesta con el financiamiento de FONDART 2000.,
,"On the radio, oh, oh, oh",2001,4'40,Electrónica sobre Soporte.,Septiembre 2001. Programa Newkommer Werkstatt. Deutshland Radio de Berlin.,,,FSR01_05 CD24
,100 Flores,2002,13'10,Electrónica sobre Soporte.,"Octubre 2002. Segundo ciclo internacional de conciertos de música electroacústica. Sala SCD, Santiago de Chile.",,,FSR02_06 CD24
,Estrellas Compactas,2003,12'58,Electrónica sobre Soporte.,"Noviembre 2003. Nuit Blanche acousmatique. Paris, Francia.",,,FSR03_07 CD24
,Jardin de la Noche,2004,8',"Mixta. Ensemble de 5 instrumentos, sonidos electrónicos, objetos sonoros y teléfonos portables.",Junio 2004. Forum culturel de la ciudad de Blanc-Mesnil. Francia.,,Pieza pedagógica. Encargo del conservatorio de Blanc-Mesnil.,
,MingaSola I,2004,10',Electrónica sobre soporte en 8 pistas.,"Septiembre 2004. Festival MusicaViva, Lisboa, Portugal",,Compuesta con el financiamiento de FONDART 2003.,FSR04_08 CD24
"Schidlowsky, Leon (1931)",Nacimiento,1956,2'10,Electrónica sobre soporte.,"1957, Sala el Golf. Santiago, Chile.",,Música incidental parala obra de teatro de mimos del mismo nombre. Primera obra electroacústica chilena.,LS56_01 CD24
,Three Structures and one scene,1975,,"Mixta. Coro, percusión y electrónica sobre soporte.",,,,
,Citizen 1230316,1976,,Electrónica sobre soporte.,,,,
Carlos Silva (1965),Entorno II,1998,4'29,Mixta. Saxo soprano y electrónica sobre soporte.,,"""Saxofon en Concierto- compositores chilenos"" (1988-1998) CD 1998.","Miguel Villafruela, saxo",
"Troncoso, Matias (1981)",Will,2001,10',Electrónica sobre soporte.,,,,
,Vehasam,2002,6',Electrónica sobre soporte.,,,,
,Letanía,2003,12',Electrónica sobre soporte.,,,,
,Mitra,2003,6',Electrónica sobre soporte.,,,,
,Muela cuerpo ropa camina,2003,42',Electrónica sobre soporte.,"Diciembre 2003, Sala Santa Elena, Santiago de Chile.",,Obra para danza. Encargo de la compañía de danza Marcela Escobar y cia.,
,Corpus,2004,13',Electrónica sobre soporte.,"Octubre 2004. Festival Ai-Maako. Santiago, Chile.",,,MT04_01 CD24
,Corpus V2,2004,15'45 (variable),Mixta. Flauta y electrónica en tiempo real.,"Noviembre 2004. Festival de Música Contemporánea de la Universidad Catolica de Chile. Santiago, Chile.","""Música de Cámara Electroacústica"". Fondart CD 2004.",,MT04_02 CD25
,En,2004,6',Electrónica sobre soporte.,"Diciembre 2004. Festival Punto de encuentro. Madrid, España.",,,MT04_0 CD25
,Kn-tha,2004/05,,Electrónica sobre soporte.,,,,
,Nimio,2005,6',Electrónica sobre soporte.,,,,
"Vera, Santiago (1950)",Cirrus,1978,7'31,Electrónica sobre soporte.,,"""Electromúsica de arte"". SVR Producciones SVR/CD-GEMA 2007-1. CD 1995.",,SVR78 CD25
"Vergara, Juan Carlos (1969)",Golpe de Luz,1995,5'03,Electrónica sobre soporte.,,"""Electromúsica de Arte"". SVR/CD-GEMA 2007-1. CD 1995.",,JCV95_01 CD25
,Almo,1996,,Electrónica sobre soporte.,"Diciembre 1998 Sala del Centro Cultural del Banco del Estado. Santiago, Chile.",,,
,TD Reciclados,,6'30,Electrónica sobre soporte.,,"""Música Electroacústica en el GEMA 2000"". SVR-GEMA-3006-13. CD 2000.",,JCV_02 CD25
,Tiempo real,,,Electrónica sobre soporte.,,,,
,Trance,,,Electrónica sobre soporte.,"Enero 1998. XIII Festival de Música Chilena. Sala Isidora Zegers, Santiago, Chile.",,,
